class,absolute_path
0,c:\users\jjche\PycharmProjects\688-term\wikiart\Impressionism\adam-baltatu_pipkin-with-flowers.jpg
0,c:\users\jjche\PycharmProjects\688-term\wikiart\Impressionism\adam-baltatu_after-bath.jpg
0,c:\users\jjche\PycharmProjects\688-term\wikiart\Impressionism\adam-baltatu_village-alley.jpg
0,c:\users\jjche\PycharmProjects\688-term\wikiart\Impressionism\adam-baltatu_still-life-with-green-apples.jpg
0,c:\users\jjche\PycharmProjects\688-term\wikiart\Impressionism\adam-baltatu_still-life-with-pipe-and-books.jpg
0,c:\users\jjche\PycharmProjects\688-term\wikiart\Impressionism\adam-baltatu_houses-at-the-edge-of-the-forest.jpg
0,c:\users\jjche\PycharmProjects\688-term\wikiart\Impressionism\adam-baltatu_view-towards-san-giorgio-venice.jpg
0,c:\users\jjche\PycharmProjects\688-term\wikiart\Impressionism\adam-baltatu_ia-i-outskirts-houses.jpg
0,c:\users\jjche\PycharmProjects\688-term\wikiart\Impressionism\adam-baltatu_still-life-with-apples-and-pipkin.jpg
0,c:\users\jjche\PycharmProjects\688-term\wikiart\Impressionism\adam-baltatu_winter-landscape-1.jpg
0,c:\users\jjche\PycharmProjects\688-term\wikiart\Impressionism\adam-baltatu_pipkin-with-chrysanthemums.jpg
0,c:\users\jjche\PycharmProjects\688-term\wikiart\Impressionism\adam-baltatu_summer-sky.jpg
0,c:\users\jjche\PycharmProjects\688-term\wikiart\Impressionism\adam-baltatu_after-rain.jpg
0,c:\users\jjche\PycharmProjects\688-term\wikiart\Impressionism\adam-baltatu_birch-woods.jpg
0,c:\users\jjche\PycharmProjects\688-term\wikiart\Impressionism\adam-baltatu_landscape-with-houses.jpg
0,c:\users\jjche\PycharmProjects\688-term\wikiart\Impressionism\adam-baltatu_summer-landscape-2.jpg
0,c:\users\jjche\PycharmProjects\688-term\wikiart\Impressionism\adam-baltatu_village-boundary-1.jpg
0,c:\users\jjche\PycharmProjects\688-term\wikiart\Impressionism\adam-baltatu_mangalia-houses.jpg
0,c:\users\jjche\PycharmProjects\688-term\wikiart\Impressionism\adam-baltatu_hu-i-slums-houses.jpg
0,c:\users\jjche\PycharmProjects\688-term\wikiart\Impressionism\adam-baltatu_venice-alleyways.jpg
0,c:\users\jjche\PycharmProjects\688-term\wikiart\Impressionism\adam-baltatu_houses-in-ha-i.jpg
0,c:\users\jjche\PycharmProjects\688-term\wikiart\Impressionism\adam-baltatu_the-needlewoman.jpg
0,c:\users\jjche\PycharmProjects\688-term\wikiart\Impressionism\adam-baltatu_houses-in-bretania.jpg
0,c:\users\jjche\PycharmProjects\688-term\wikiart\Impressionism\adam-baltatu_br-ne-ti-landscape.jpg
0,c:\users\jjche\PycharmProjects\688-term\wikiart\Impressionism\adam-baltatu_the-lesson.jpg
0,c:\users\jjche\PycharmProjects\688-term\wikiart\Impressionism\adam-baltatu_houses-in-hu-i.jpg
0,c:\users\jjche\PycharmProjects\688-term\wikiart\Impressionism\adam-baltatu_sighi-oara-1.jpg
0,c:\users\jjche\PycharmProjects\688-term\wikiart\Impressionism\adam-baltatu_birch-trees.jpg
0,c:\users\jjche\PycharmProjects\688-term\wikiart\Impressionism\adam-baltatu_pipkin-with-field-flowers.jpg
0,c:\users\jjche\PycharmProjects\688-term\wikiart\Impressionism\adam-baltatu_winter-landscape.jpg
0,c:\users\jjche\PycharmProjects\688-term\wikiart\Impressionism\adam-baltatu_street-in-hu-i.jpg
0,c:\users\jjche\PycharmProjects\688-term\wikiart\Impressionism\adam-baltatu_fishing-preparations.jpg
0,c:\users\jjche\PycharmProjects\688-term\wikiart\Impressionism\adam-baltatu_view-towards-balcic.jpg
0,c:\users\jjche\PycharmProjects\688-term\wikiart\Impressionism\adam-baltatu_dobrujan-landscape.jpg
0,c:\users\jjche\PycharmProjects\688-term\wikiart\Impressionism\adam-baltatu_at-the-brickyard.jpg
0,c:\users\jjche\PycharmProjects\688-term\wikiart\Impressionism\adam-baltatu_fruitage.jpg
0,c:\users\jjche\PycharmProjects\688-term\wikiart\Impressionism\adam-baltatu_grange.jpg
0,c:\users\jjche\PycharmProjects\688-term\wikiart\Impressionism\adam-baltatu_houses-in-bretania-1.jpg
0,c:\users\jjche\PycharmProjects\688-term\wikiart\Impressionism\adam-baltatu_house-on-siret-valley.jpg
0,c:\users\jjche\PycharmProjects\688-term\wikiart\Impressionism\adam-baltatu_sighi-oara.jpg
1,c:\users\jjche\PycharmProjects\688-term\wikiart\Impressionism\alfred-sisley_autumn-in-louveciennes-1873.jpg
1,c:\users\jjche\PycharmProjects\688-term\wikiart\Impressionism\alfred-sisley_along-the-woods-in-autumn-1885.jpg
1,c:\users\jjche\PycharmProjects\688-term\wikiart\Impressionism\alfred-sisley_his-at-suresne-1874.jpg
1,c:\users\jjche\PycharmProjects\688-term\wikiart\Impressionism\alfred-sisley_edge-of-the-forest-in-spring-evening-1886.jpg
1,c:\users\jjche\PycharmProjects\688-term\wikiart\Impressionism\alfred-sisley_thames-at-hampton-court-1874.jpg
1,c:\users\jjche\PycharmProjects\688-term\wikiart\Impressionism\alfred-sisley_wiese-by-1880.jpg
1,c:\users\jjche\PycharmProjects\688-term\wikiart\Impressionism\alfred-sisley_an-august-afternoon-near-veneux-1881.jpg
1,c:\users\jjche\PycharmProjects\688-term\wikiart\Impressionism\alfred-sisley_the-seine-at-port-marly-sand-piles-1875.jpg
1,c:\users\jjche\PycharmProjects\688-term\wikiart\Impressionism\alfred-sisley_saint-mammes-evening-1885.jpg
1,c:\users\jjche\PycharmProjects\688-term\wikiart\Impressionism\alfred-sisley_banks-of-the-seine-at-port-marly-1875.jpg
1,c:\users\jjche\PycharmProjects\688-term\wikiart\Impressionism\alfred-sisley_banks-of-the-loing-towards-moret-1883.jpg
1,c:\users\jjche\PycharmProjects\688-term\wikiart\Impressionism\alfred-sisley_road-along-the-seine-at-saint-mammes.jpg
1,c:\users\jjche\PycharmProjects\688-term\wikiart\Impressionism\alfred-sisley_the-hills-of-veneux-seen-from-saint-mammes-1884.jpg
1,c:\users\jjche\PycharmProjects\688-term\wikiart\Impressionism\alfred-sisley_snow-at-marly-le-roi-1875.jpg
1,c:\users\jjche\PycharmProjects\688-term\wikiart\Impressionism\alfred-sisley_the-fields-1874.jpg
1,c:\users\jjche\PycharmProjects\688-term\wikiart\Impressionism\alfred-sisley_walnut-trees-sunset-early-days-of-october-1882.jpg
1,c:\users\jjche\PycharmProjects\688-term\wikiart\Impressionism\alfred-sisley_view-in-moret-1892.jpg
1,c:\users\jjche\PycharmProjects\688-term\wikiart\Impressionism\alfred-sisley_under-the-bridge-at-hampton-court-1874.jpg
1,c:\users\jjche\PycharmProjects\688-term\wikiart\Impressionism\alfred-sisley_july-afternoon-near-the-forest-1887.jpg
1,c:\users\jjche\PycharmProjects\688-term\wikiart\Impressionism\alfred-sisley_watermill-near-moret-by-alfred-sisley.jpg
1,c:\users\jjche\PycharmProjects\688-term\wikiart\Impressionism\alfred-sisley_flood-at-port-marly-1872.jpg
1,c:\users\jjche\PycharmProjects\688-term\wikiart\Impressionism\alfred-sisley_an-autumn-evening-near-paris-1879.jpg
1,c:\users\jjche\PycharmProjects\688-term\wikiart\Impressionism\alfred-sisley_road-from-hampton-court-1874.jpg
1,c:\users\jjche\PycharmProjects\688-term\wikiart\Impressionism\alfred-sisley_dawn-1878.jpg
1,c:\users\jjche\PycharmProjects\688-term\wikiart\Impressionism\alfred-sisley_the-loing-at-moret-in-summer-1891.jpg
1,c:\users\jjche\PycharmProjects\688-term\wikiart\Impressionism\alfred-sisley_village-on-the-banks-of-the-seine-1872.jpg
1,c:\users\jjche\PycharmProjects\688-term\wikiart\Impressionism\alfred-sisley_street-in-veneux-1883.jpg
1,c:\users\jjche\PycharmProjects\688-term\wikiart\Impressionism\alfred-sisley_saint-mammes-dam-1885.jpg
1,c:\users\jjche\PycharmProjects\688-term\wikiart\Impressionism\alfred-sisley_bougival-1876.jpg
1,c:\users\jjche\PycharmProjects\688-term\wikiart\Impressionism\alfred-sisley_the-seine-at-suresnes-1880.jpg
1,c:\users\jjche\PycharmProjects\688-term\wikiart\Impressionism\alfred-sisley_saint-mammes-1885.jpg
1,c:\users\jjche\PycharmProjects\688-term\wikiart\Impressionism\alfred-sisley_a-road-in-seine-et-marne-1875.jpg
1,c:\users\jjche\PycharmProjects\688-term\wikiart\Impressionism\alfred-sisley_barges-on-the-loing-canal-spring-1896.jpg
1,c:\users\jjche\PycharmProjects\688-term\wikiart\Impressionism\alfred-sisley_near-moret-sur-loing-1881.jpg
1,c:\users\jjche\PycharmProjects\688-term\wikiart\Impressionism\alfred-sisley_church-at-noisy-le-roi-in-autumn-1874.jpg
1,c:\users\jjche\PycharmProjects\688-term\wikiart\Impressionism\alfred-sisley_the-flood-at-port-marly-1876.jpg
1,c:\users\jjche\PycharmProjects\688-term\wikiart\Impressionism\alfred-sisley_women-laudering-1876.jpg
1,c:\users\jjche\PycharmProjects\688-term\wikiart\Impressionism\alfred-sisley_platz-in-argenteuil-1872.jpg
1,c:\users\jjche\PycharmProjects\688-term\wikiart\Impressionism\alfred-sisley_apple-trees-in-flower-spring-morning-pommiers-en-fleurs-louveciennes-1873.jpg
1,c:\users\jjche\PycharmProjects\688-term\wikiart\Impressionism\alfred-sisley_apple-trees-in-bloom-1880.jpg
2,c:\users\jjche\PycharmProjects\688-term\wikiart\Impressionism\antoine-blanchard_place-de-la-bastiile-1.jpg
2,c:\users\jjche\PycharmProjects\688-term\wikiart\Impressionism\antoine-blanchard_la-gare-dorleans-et-le-quai-dorsay.jpg
2,c:\users\jjche\PycharmProjects\688-term\wikiart\Impressionism\antoine-blanchard_boulevard-de-la-madeleine-3.jpg
2,c:\users\jjche\PycharmProjects\688-term\wikiart\Impressionism\antoine-blanchard_porte-st-denis-3.jpg
2,c:\users\jjche\PycharmProjects\688-term\wikiart\Impressionism\antoine-blanchard_bouquinistes-de-notre-dame.jpg
2,c:\users\jjche\PycharmProjects\688-term\wikiart\Impressionism\antoine-blanchard_arc-de-triomphe-1.jpg
2,c:\users\jjche\PycharmProjects\688-term\wikiart\Impressionism\antoine-blanchard_notre-dame-1.jpg
2,c:\users\jjche\PycharmProjects\688-term\wikiart\Impressionism\antoine-blanchard_boulevard-de-la-madeleine-9.jpg
2,c:\users\jjche\PycharmProjects\688-term\wikiart\Impressionism\antoine-blanchard_boulevard-de-la-madeleine-6.jpg
2,c:\users\jjche\PycharmProjects\688-term\wikiart\Impressionism\antoine-blanchard_theatre-des-varietes-large-2.jpg
2,c:\users\jjche\PycharmProjects\688-term\wikiart\Impressionism\antoine-blanchard_notre-dame-quai-saint-michel.jpg
2,c:\users\jjche\PycharmProjects\688-term\wikiart\Impressionism\antoine-blanchard_place-de-la-concorde-4.jpg
2,c:\users\jjche\PycharmProjects\688-term\wikiart\Impressionism\antoine-blanchard_boulevard-de-la-madeleine-7.jpg
2,c:\users\jjche\PycharmProjects\688-term\wikiart\Impressionism\antoine-blanchard_place-de-la-republic-5.jpg
2,c:\users\jjche\PycharmProjects\688-term\wikiart\Impressionism\antoine-blanchard_rue-royal-madeleine-7.jpg
2,c:\users\jjche\PycharmProjects\688-term\wikiart\Impressionism\antoine-blanchard_porte-st-denis-6.jpg
2,c:\users\jjche\PycharmProjects\688-term\wikiart\Impressionism\antoine-blanchard_champs-elysees-arc-de-triomphe-1.jpg
2,c:\users\jjche\PycharmProjects\688-term\wikiart\Impressionism\antoine-blanchard_winter-in-paris-notre-dame.jpg
2,c:\users\jjche\PycharmProjects\688-term\wikiart\Impressionism\antoine-blanchard_place-saint-michel-notre-dame.jpg
2,c:\users\jjche\PycharmProjects\688-term\wikiart\Impressionism\antoine-blanchard_rue-royal-madeleine-3.jpg
2,c:\users\jjche\PycharmProjects\688-term\wikiart\Impressionism\antoine-blanchard_place-de-la-concorde-1.jpg
2,c:\users\jjche\PycharmProjects\688-term\wikiart\Impressionism\antoine-blanchard_pont-saint-michel-notre-dame.jpg
2,c:\users\jjche\PycharmProjects\688-term\wikiart\Impressionism\antoine-blanchard_porte-st-martin-3.jpg
2,c:\users\jjche\PycharmProjects\688-term\wikiart\Impressionism\antoine-blanchard_porte-st-denis.jpg
2,c:\users\jjche\PycharmProjects\688-term\wikiart\Impressionism\antoine-blanchard_rue-tronchet-la-madeleine-3.jpg
2,c:\users\jjche\PycharmProjects\688-term\wikiart\Impressionism\antoine-blanchard_place-de-la-concorde-3.jpg
2,c:\users\jjche\PycharmProjects\688-term\wikiart\Impressionism\antoine-blanchard_eglise-de-saint-germain-des-pres.jpg
2,c:\users\jjche\PycharmProjects\688-term\wikiart\Impressionism\antoine-blanchard_paris-les-champs-elysees.jpg
2,c:\users\jjche\PycharmProjects\688-term\wikiart\Impressionism\antoine-blanchard_les-grands-boulevards-sous-la-neige.jpg
2,c:\users\jjche\PycharmProjects\688-term\wikiart\Impressionism\antoine-blanchard_comedie-jpg.jpg
2,c:\users\jjche\PycharmProjects\688-term\wikiart\Impressionism\antoine-blanchard_avenue-de-l-opera.jpg
2,c:\users\jjche\PycharmProjects\688-term\wikiart\Impressionism\antoine-blanchard_place-de-la-madeleine-4.jpg
2,c:\users\jjche\PycharmProjects\688-term\wikiart\Impressionism\antoine-blanchard_rue-tronchet-la-madeleine-2.jpg
2,c:\users\jjche\PycharmProjects\688-term\wikiart\Impressionism\antoine-blanchard_boulevard-de-la-madeleine-8.jpg
2,c:\users\jjche\PycharmProjects\688-term\wikiart\Impressionism\antoine-blanchard_caf-de-la-paix-opera-2.jpg
2,c:\users\jjche\PycharmProjects\688-term\wikiart\Impressionism\antoine-blanchard_place-de-la-republic-3.jpg
2,c:\users\jjche\PycharmProjects\688-term\wikiart\Impressionism\antoine-blanchard_boulevard-des-capucines.jpg
2,c:\users\jjche\PycharmProjects\688-term\wikiart\Impressionism\antoine-blanchard_theatre-du-vaudeville-1.jpg
2,c:\users\jjche\PycharmProjects\688-term\wikiart\Impressionism\antoine-blanchard_la-chatelet.jpg
2,c:\users\jjche\PycharmProjects\688-term\wikiart\Impressionism\antoine-blanchard_place-du-chatelet.jpg
3,c:\users\jjche\PycharmProjects\688-term\wikiart\Impressionism\arkhip-kuindzhi_ai-petri-crimea.jpg
3,c:\users\jjche\PycharmProjects\688-term\wikiart\Impressionism\arkhip-kuindzhi_a-birch-grove-1879-2.jpg
3,c:\users\jjche\PycharmProjects\688-term\wikiart\Impressionism\arkhip-kuindzhi_sunset-effect.jpg
3,c:\users\jjche\PycharmProjects\688-term\wikiart\Impressionism\arkhip-kuindzhi_roofs-winter-1876.jpg
3,c:\users\jjche\PycharmProjects\688-term\wikiart\Impressionism\arkhip-kuindzhi_daryal-pass-moonlight-night.jpg
3,c:\users\jjche\PycharmProjects\688-term\wikiart\Impressionism\arkhip-kuindzhi_a-birch-grove-spots-of-sunlight.jpg
3,c:\users\jjche\PycharmProjects\688-term\wikiart\Impressionism\arkhip-kuindzhi_cloud-1.jpg
3,c:\users\jjche\PycharmProjects\688-term\wikiart\Impressionism\arkhip-kuindzhi_autumn-steppe-1875.jpg
3,c:\users\jjche\PycharmProjects\688-term\wikiart\Impressionism\arkhip-kuindzhi_view-on-moscow-from-sparrow-hills-1882.jpg
3,c:\users\jjche\PycharmProjects\688-term\wikiart\Impressionism\arkhip-kuindzhi_view-of-the-beach-and-sea-from-the-mountains-crimea.jpg
3,c:\users\jjche\PycharmProjects\688-term\wikiart\Impressionism\arkhip-kuindzhi_twilight.jpg
3,c:\users\jjche\PycharmProjects\688-term\wikiart\Impressionism\arkhip-kuindzhi_after-a-rain-rainbow.jpg
3,c:\users\jjche\PycharmProjects\688-term\wikiart\Impressionism\arkhip-kuindzhi_dnieper-1901-1.jpg
3,c:\users\jjche\PycharmProjects\688-term\wikiart\Impressionism\arkhip-kuindzhi_crescent-moon-at-sunset.jpg
3,c:\users\jjche\PycharmProjects\688-term\wikiart\Impressionism\arkhip-kuindzhi_volga.jpg
3,c:\users\jjche\PycharmProjects\688-term\wikiart\Impressionism\arkhip-kuindzhi_a-birch-grove-1879.jpg
3,c:\users\jjche\PycharmProjects\688-term\wikiart\Impressionism\arkhip-kuindzhi_the-top-of-mount-elbrus-in-the-sunlight.jpg
3,c:\users\jjche\PycharmProjects\688-term\wikiart\Impressionism\arkhip-kuindzhi_autumn-1.jpg
3,c:\users\jjche\PycharmProjects\688-term\wikiart\Impressionism\arkhip-kuindzhi_in-the-crimea.jpg
3,c:\users\jjche\PycharmProjects\688-term\wikiart\Impressionism\arkhip-kuindzhi_forest.jpg
3,c:\users\jjche\PycharmProjects\688-term\wikiart\Impressionism\arkhip-kuindzhi_surf-crimea-1887.jpg
3,c:\users\jjche\PycharmProjects\688-term\wikiart\Impressionism\arkhip-kuindzhi_tree-against-the-evening-sky.jpg
3,c:\users\jjche\PycharmProjects\688-term\wikiart\Impressionism\arkhip-kuindzhi_sunflowers-crimea.jpg
3,c:\users\jjche\PycharmProjects\688-term\wikiart\Impressionism\arkhip-kuindzhi_crimea-1.jpg
3,c:\users\jjche\PycharmProjects\688-term\wikiart\Impressionism\arkhip-kuindzhi_mountains.jpg
3,c:\users\jjche\PycharmProjects\688-term\wikiart\Impressionism\arkhip-kuindzhi_red-sunset-1.jpg
3,c:\users\jjche\PycharmProjects\688-term\wikiart\Impressionism\arkhip-kuindzhi_clouds-1875.jpg
3,c:\users\jjche\PycharmProjects\688-term\wikiart\Impressionism\arkhip-kuindzhi_after-a-rain-1.jpg
3,c:\users\jjche\PycharmProjects\688-term\wikiart\Impressionism\arkhip-kuindzhi_expanse-crimea.jpg
3,c:\users\jjche\PycharmProjects\688-term\wikiart\Impressionism\arkhip-kuindzhi_kazbek.jpg
3,c:\users\jjche\PycharmProjects\688-term\wikiart\Impressionism\arkhip-kuindzhi_forest-burdock.jpg
3,c:\users\jjche\PycharmProjects\688-term\wikiart\Impressionism\arkhip-kuindzhi_forest-glade-fog.jpg
3,c:\users\jjche\PycharmProjects\688-term\wikiart\Impressionism\arkhip-kuindzhi_wild-grass-1875.jpg
3,c:\users\jjche\PycharmProjects\688-term\wikiart\Impressionism\arkhip-kuindzhi_the-crimea-the-southern-shore-1887.jpg
3,c:\users\jjche\PycharmProjects\688-term\wikiart\Impressionism\arkhip-kuindzhi_elbrus.jpg
3,c:\users\jjche\PycharmProjects\688-term\wikiart\Impressionism\arkhip-kuindzhi_clouds.jpg
3,c:\users\jjche\PycharmProjects\688-term\wikiart\Impressionism\arkhip-kuindzhi_clouds-1.jpg
3,c:\users\jjche\PycharmProjects\688-term\wikiart\Impressionism\arkhip-kuindzhi_a-grove-with-birch.jpg
3,c:\users\jjche\PycharmProjects\688-term\wikiart\Impressionism\arkhip-kuindzhi_a-birch-grove-2.jpg
3,c:\users\jjche\PycharmProjects\688-term\wikiart\Impressionism\arkhip-kuindzhi_sunspots-on-frost-sunset-in-the-forest.jpg
4,c:\users\jjche\PycharmProjects\688-term\wikiart\Impressionism\armand-guillaumin_autoportrait-au-chevalet-1878.jpg
4,c:\users\jjche\PycharmProjects\688-term\wikiart\Impressionism\armand-guillaumin_la-pointe-du-lou-gaou-1911.jpg
4,c:\users\jjche\PycharmProjects\688-term\wikiart\Impressionism\armand-guillaumin_pommiers-en-fleurs-1889.jpg
4,c:\users\jjche\PycharmProjects\688-term\wikiart\Impressionism\armand-guillaumin_winter-in-saint-sauves-auvergne-1900.jpg
4,c:\users\jjche\PycharmProjects\688-term\wikiart\Impressionism\armand-guillaumin_le-pornic-1909.jpg
4,c:\users\jjche\PycharmProjects\688-term\wikiart\Impressionism\armand-guillaumin_effts-de-neige-palaiseau-1883.jpg
4,c:\users\jjche\PycharmProjects\688-term\wikiart\Impressionism\armand-guillaumin_the-haystacks-1895.jpg
4,c:\users\jjche\PycharmProjects\688-term\wikiart\Impressionism\armand-guillaumin_landscape-of-puy-de-d-me.jpg
4,c:\users\jjche\PycharmProjects\688-term\wikiart\Impressionism\armand-guillaumin_epinay-sur-orge-1884.jpg
4,c:\users\jjche\PycharmProjects\688-term\wikiart\Impressionism\armand-guillaumin_valley-in-pontgibaud-1890.jpg
4,c:\users\jjche\PycharmProjects\688-term\wikiart\Impressionism\armand-guillaumin_le-pont-des-arts-1878.jpg
4,c:\users\jjche\PycharmProjects\688-term\wikiart\Impressionism\armand-guillaumin_landscape-near-saint-julien-des-chazes-1895.jpg
4,c:\users\jjche\PycharmProjects\688-term\wikiart\Impressionism\armand-guillaumin_paysage-de-creuse-1897.jpg
4,c:\users\jjche\PycharmProjects\688-term\wikiart\Impressionism\armand-guillaumin_rafales-de-vent-le-brusc-1911.jpg
4,c:\users\jjche\PycharmProjects\688-term\wikiart\Impressionism\armand-guillaumin_sunset-at-ivry-soleil-couchant-ivry-1873.jpg
4,c:\users\jjche\PycharmProjects\688-term\wikiart\Impressionism\armand-guillaumin_moulin-bouchardon-crozant-1895.jpg
4,c:\users\jjche\PycharmProjects\688-term\wikiart\Impressionism\armand-guillaumin_view-of-saint-sauves-1900.jpg
4,c:\users\jjche\PycharmProjects\688-term\wikiart\Impressionism\armand-guillaumin_plateau-bromont-at-pontgibaud-puy-de-d-me-1890.jpg
4,c:\users\jjche\PycharmProjects\688-term\wikiart\Impressionism\armand-guillaumin_neige-crozant-1898.jpg
4,c:\users\jjche\PycharmProjects\688-term\wikiart\Impressionism\armand-guillaumin_les-rapides-a-genetin-1900.jpg
4,c:\users\jjche\PycharmProjects\688-term\wikiart\Impressionism\armand-guillaumin_saint-julien-des-chazes-1895.jpg
4,c:\users\jjche\PycharmProjects\688-term\wikiart\Impressionism\armand-guillaumin_neige-1876.jpg
4,c:\users\jjche\PycharmProjects\688-term\wikiart\Impressionism\armand-guillaumin_la-place-valhubert-1875.jpg
4,c:\users\jjche\PycharmProjects\688-term\wikiart\Impressionism\armand-guillaumin_landscape-1870.jpg
4,c:\users\jjche\PycharmProjects\688-term\wikiart\Impressionism\armand-guillaumin_coucher-de-soleil-en-creuse-1898.jpg
4,c:\users\jjche\PycharmProjects\688-term\wikiart\Impressionism\armand-guillaumin_moulins-en-hollandee-1904.jpg
4,c:\users\jjche\PycharmProjects\688-term\wikiart\Impressionism\armand-guillaumin_the-seine-river-at-charenton-1878.jpg
4,c:\users\jjche\PycharmProjects\688-term\wikiart\Impressionism\armand-guillaumin_vue-de-port-1880.jpg
4,c:\users\jjche\PycharmProjects\688-term\wikiart\Impressionism\armand-guillaumin_crozant-les-monts-sedelle-matin-1895.jpg
4,c:\users\jjche\PycharmProjects\688-term\wikiart\Impressionism\armand-guillaumin_agay-les-roches-rouges-1901.jpg
4,c:\users\jjche\PycharmProjects\688-term\wikiart\Impressionism\armand-guillaumin_crozant-solitude-1915.jpg
4,c:\users\jjche\PycharmProjects\688-term\wikiart\Impressionism\armand-guillaumin_hollow-in-the-snow-1869.jpg
4,c:\users\jjche\PycharmProjects\688-term\wikiart\Impressionism\armand-guillaumin_quai-de-bercy-effets-de-neige-1874.jpg
4,c:\users\jjche\PycharmProjects\688-term\wikiart\Impressionism\armand-guillaumin_pont-charraud-gel-e-blanche-1911.jpg
4,c:\users\jjche\PycharmProjects\688-term\wikiart\Impressionism\armand-guillaumin_la-creuse-sous-la-neige-1890.jpg
4,c:\users\jjche\PycharmProjects\688-term\wikiart\Impressionism\armand-guillaumin_le-r-servoir-poitiers-1910.jpg
4,c:\users\jjche\PycharmProjects\688-term\wikiart\Impressionism\armand-guillaumin_paysage-crozant-1900.jpg
4,c:\users\jjche\PycharmProjects\688-term\wikiart\Impressionism\armand-guillaumin_les-ruines-a-crozant-1897.jpg
4,c:\users\jjche\PycharmProjects\688-term\wikiart\Impressionism\armand-guillaumin_apr-s-la-pluie-1885.jpg
4,c:\users\jjche\PycharmProjects\688-term\wikiart\Impressionism\armand-guillaumin_cottages-in-a-landscape.jpg
5,c:\users\jjche\PycharmProjects\688-term\wikiart\Impressionism\auguste-rodin_three-views-of-a-mask-1.jpg
5,c:\users\jjche\PycharmProjects\688-term\wikiart\Impressionism\auguste-rodin_the-burghers-of-calais-2.jpg
5,c:\users\jjche\PycharmProjects\688-term\wikiart\Impressionism\auguste-rodin_suzon.jpg
5,c:\users\jjche\PycharmProjects\688-term\wikiart\Impressionism\auguste-rodin_the-call-to-arms-1879.jpg
5,c:\users\jjche\PycharmProjects\688-term\wikiart\Impressionism\auguste-rodin_belgian-landscape.jpg
5,c:\users\jjche\PycharmProjects\688-term\wikiart\Impressionism\auguste-rodin_bust-of-helene-von-nostitz.jpg
5,c:\users\jjche\PycharmProjects\688-term\wikiart\Impressionism\auguste-rodin_pierre-de-wissant.jpg
5,c:\users\jjche\PycharmProjects\688-term\wikiart\Impressionism\auguste-rodin_eve-fairfax-1905.jpg
5,c:\users\jjche\PycharmProjects\688-term\wikiart\Impressionism\auguste-rodin_the-kiss-1904.jpg
5,c:\users\jjche\PycharmProjects\688-term\wikiart\Impressionism\auguste-rodin_three-views-of-a-mask-3.jpg
5,c:\users\jjche\PycharmProjects\688-term\wikiart\Impressionism\auguste-rodin_untitled.jpg
5,c:\users\jjche\PycharmProjects\688-term\wikiart\Impressionism\auguste-rodin_bust-of-victor-hugo.jpg
5,c:\users\jjche\PycharmProjects\688-term\wikiart\Impressionism\auguste-rodin_age-of-bronze-1876.jpg
5,c:\users\jjche\PycharmProjects\688-term\wikiart\Impressionism\auguste-rodin_the-thinker-1902.jpg
5,c:\users\jjche\PycharmProjects\688-term\wikiart\Impressionism\auguste-rodin_the-storm.jpg
5,c:\users\jjche\PycharmProjects\688-term\wikiart\Impressionism\auguste-rodin_eternal-idol-1889.jpg
5,c:\users\jjche\PycharmProjects\688-term\wikiart\Impressionism\auguste-rodin_burghers-of-calais.jpg
5,c:\users\jjche\PycharmProjects\688-term\wikiart\Impressionism\auguste-rodin_the-thinker.jpg
5,c:\users\jjche\PycharmProjects\688-term\wikiart\Impressionism\auguste-rodin_the-hand-of-god-1898.jpg
5,c:\users\jjche\PycharmProjects\688-term\wikiart\Impressionism\auguste-rodin_three-views-of-a-mask-6.jpg
5,c:\users\jjche\PycharmProjects\688-term\wikiart\Impressionism\auguste-rodin_untitled(6).jpg
5,c:\users\jjche\PycharmProjects\688-term\wikiart\Impressionism\auguste-rodin_young-girl.jpg
5,c:\users\jjche\PycharmProjects\688-term\wikiart\Impressionism\auguste-rodin_poet-and-muse-1905.jpg
5,c:\users\jjche\PycharmProjects\688-term\wikiart\Impressionism\auguste-rodin_untitled(3).jpg
5,c:\users\jjche\PycharmProjects\688-term\wikiart\Impressionism\auguste-rodin_pens.jpg
5,c:\users\jjche\PycharmProjects\688-term\wikiart\Impressionism\auguste-rodin_bust-of-a-smiling-woman-1875.jpg
5,c:\users\jjche\PycharmProjects\688-term\wikiart\Impressionism\auguste-rodin_bellona.jpg
5,c:\users\jjche\PycharmProjects\688-term\wikiart\Impressionism\auguste-rodin_balzac-1897.jpg
5,c:\users\jjche\PycharmProjects\688-term\wikiart\Impressionism\auguste-rodin_age-of-bronze.jpg
5,c:\users\jjche\PycharmProjects\688-term\wikiart\Impressionism\auguste-rodin_three-views-of-a-mask-2.jpg
5,c:\users\jjche\PycharmProjects\688-term\wikiart\Impressionism\auguste-rodin_i-am-beautiful-1882.jpg
5,c:\users\jjche\PycharmProjects\688-term\wikiart\Impressionism\auguste-rodin_man-with-a-broken-nose.jpg
5,c:\users\jjche\PycharmProjects\688-term\wikiart\Impressionism\auguste-rodin_eternal-spring.jpg
5,c:\users\jjche\PycharmProjects\688-term\wikiart\Impressionism\auguste-rodin_adam.jpg
5,c:\users\jjche\PycharmProjects\688-term\wikiart\Impressionism\auguste-rodin_minerva.jpg
5,c:\users\jjche\PycharmProjects\688-term\wikiart\Impressionism\auguste-rodin_the-thinker-1902-1.jpg
5,c:\users\jjche\PycharmProjects\688-term\wikiart\Impressionism\auguste-rodin_the-three-shades.jpg
5,c:\users\jjche\PycharmProjects\688-term\wikiart\Impressionism\auguste-rodin_untitled(5).jpg
5,c:\users\jjche\PycharmProjects\688-term\wikiart\Impressionism\auguste-rodin_portrait-of-varvara-yeliseyeva-1906.jpg
5,c:\users\jjche\PycharmProjects\688-term\wikiart\Impressionism\auguste-rodin_untitled(1).jpg
6,c:\users\jjche\PycharmProjects\688-term\wikiart\Impressionism\berthe-morisot_on-the-cliff-at-portrieux.jpg
6,c:\users\jjche\PycharmProjects\688-term\wikiart\Impressionism\berthe-morisot_fall-colors-in-the-bois-de-boulogne.jpg
6,c:\users\jjche\PycharmProjects\688-term\wikiart\Impressionism\berthe-morisot_little-girl-with-blond-hair.jpg
6,c:\users\jjche\PycharmProjects\688-term\wikiart\Impressionism\berthe-morisot_cottage-interior-also-known-as-interior-at-jersey.jpg
6,c:\users\jjche\PycharmProjects\688-term\wikiart\Impressionism\berthe-morisot_miss-reynolds.jpg
6,c:\users\jjche\PycharmProjects\688-term\wikiart\Impressionism\berthe-morisot_girl-with-greyhound.jpg
6,c:\users\jjche\PycharmProjects\688-term\wikiart\Impressionism\berthe-morisot_the-cradle-1872.jpg
6,c:\users\jjche\PycharmProjects\688-term\wikiart\Impressionism\berthe-morisot_julie-manet-reading-in-a-chaise-lounge.jpg
6,c:\users\jjche\PycharmProjects\688-term\wikiart\Impressionism\berthe-morisot_before-the-mirror.jpg
6,c:\users\jjche\PycharmProjects\688-term\wikiart\Impressionism\berthe-morisot_young-woman-leaning-on-her-elbows.jpg
6,c:\users\jjche\PycharmProjects\688-term\wikiart\Impressionism\berthe-morisot_jeanne-pontillon-wearing-a-hat.jpg
6,c:\users\jjche\PycharmProjects\688-term\wikiart\Impressionism\berthe-morisot_young-girl-and-the-budgie.jpg
6,c:\users\jjche\PycharmProjects\688-term\wikiart\Impressionism\berthe-morisot_little-girl-at-mesnil-1892.jpg
6,c:\users\jjche\PycharmProjects\688-term\wikiart\Impressionism\berthe-morisot_the-little-girl-from-nice-celestine.jpg
6,c:\users\jjche\PycharmProjects\688-term\wikiart\Impressionism\berthe-morisot_luncheon-in-the-countryside.jpg
6,c:\users\jjche\PycharmProjects\688-term\wikiart\Impressionism\berthe-morisot_winter-aka-woman-with-a-muff.jpg
6,c:\users\jjche\PycharmProjects\688-term\wikiart\Impressionism\berthe-morisot_woman-with-a-child-in-a-boat.jpg
6,c:\users\jjche\PycharmProjects\688-term\wikiart\Impressionism\berthe-morisot_girl-playing-the-mandolin.jpg
6,c:\users\jjche\PycharmProjects\688-term\wikiart\Impressionism\berthe-morisot_young-girl-resting.jpg
6,c:\users\jjche\PycharmProjects\688-term\wikiart\Impressionism\berthe-morisot_young-woman-and-child-on-an-isle.jpg
6,c:\users\jjche\PycharmProjects\688-term\wikiart\Impressionism\berthe-morisot_girl-gathering-cherries-1891.jpg
6,c:\users\jjche\PycharmProjects\688-term\wikiart\Impressionism\berthe-morisot_on-the-balcony-of-eugene-manet-s-room-at-bougival.jpg
6,c:\users\jjche\PycharmProjects\688-term\wikiart\Impressionism\berthe-morisot_in-the-wheatfield-at-gennevilliers-1875.jpg
6,c:\users\jjche\PycharmProjects\688-term\wikiart\Impressionism\berthe-morisot_little-girl-with-a-blue-jersey-1886.jpg
6,c:\users\jjche\PycharmProjects\688-term\wikiart\Impressionism\berthe-morisot_boat-on-the-quay-1875.jpg
6,c:\users\jjche\PycharmProjects\688-term\wikiart\Impressionism\berthe-morisot_child-in-the-rose-garden.jpg
6,c:\users\jjche\PycharmProjects\688-term\wikiart\Impressionism\berthe-morisot_the-bath-at-mesnil.jpg
6,c:\users\jjche\PycharmProjects\688-term\wikiart\Impressionism\berthe-morisot_young-woman-in-a-hat-henriette-patte.jpg
6,c:\users\jjche\PycharmProjects\688-term\wikiart\Impressionism\berthe-morisot_lady-with-a-parasol-sitting-in-a-park.jpg
6,c:\users\jjche\PycharmProjects\688-term\wikiart\Impressionism\berthe-morisot_young-girl-leaning-on-her-elbow-1887.jpg
6,c:\users\jjche\PycharmProjects\688-term\wikiart\Impressionism\berthe-morisot_young-woman-in-a-rowboat-eventail.jpg
6,c:\users\jjche\PycharmProjects\688-term\wikiart\Impressionism\berthe-morisot_the-reclining-shepherdess.jpg
6,c:\users\jjche\PycharmProjects\688-term\wikiart\Impressionism\berthe-morisot_in-the-garden.jpg
6,c:\users\jjche\PycharmProjects\688-term\wikiart\Impressionism\berthe-morisot_two-sisters-on-a-couch.jpg
6,c:\users\jjche\PycharmProjects\688-term\wikiart\Impressionism\berthe-morisot_reading.jpg
6,c:\users\jjche\PycharmProjects\688-term\wikiart\Impressionism\berthe-morisot_rosalie-reisener.jpg
6,c:\users\jjche\PycharmProjects\688-term\wikiart\Impressionism\berthe-morisot_at-the-exposition-palace.jpg
6,c:\users\jjche\PycharmProjects\688-term\wikiart\Impressionism\berthe-morisot_portrait-of-the-artist-s-daughter-julie-manet-at-gorey.jpg
6,c:\users\jjche\PycharmProjects\688-term\wikiart\Impressionism\berthe-morisot_jeannie-gobillard.jpg
6,c:\users\jjche\PycharmProjects\688-term\wikiart\Impressionism\berthe-morisot_young-woman-holding-a-dog-in-her-arms.jpg
7,c:\users\jjche\PycharmProjects\688-term\wikiart\Impressionism\camille-pissarro_the-hills-of-thierceville.jpg
7,c:\users\jjche\PycharmProjects\688-term\wikiart\Impressionism\camille-pissarro_september-fete-pontoise-1872.jpg
7,c:\users\jjche\PycharmProjects\688-term\wikiart\Impressionism\camille-pissarro_landscape-at-pontoise.jpg
7,c:\users\jjche\PycharmProjects\688-term\wikiart\Impressionism\camille-pissarro_a-street-in-auvers-thatched-cottage-and-cow-1880.jpg
7,c:\users\jjche\PycharmProjects\688-term\wikiart\Impressionism\camille-pissarro_peasant-woman-with-a-goat-1881.jpg
7,c:\users\jjche\PycharmProjects\688-term\wikiart\Impressionism\camille-pissarro_boulevard-montmartre-spring-rain.jpg
7,c:\users\jjche\PycharmProjects\688-term\wikiart\Impressionism\camille-pissarro_the-market-in-gisors-1887.jpg
7,c:\users\jjche\PycharmProjects\688-term\wikiart\Impressionism\camille-pissarro_a-cottage-in-the-snow-1879.jpg
7,c:\users\jjche\PycharmProjects\688-term\wikiart\Impressionism\camille-pissarro_landscape-3.jpg
7,c:\users\jjche\PycharmProjects\688-term\wikiart\Impressionism\camille-pissarro_landscape-at-bazincourt.jpg
7,c:\users\jjche\PycharmProjects\688-term\wikiart\Impressionism\camille-pissarro_springtime-at-eragny-study.jpg
7,c:\users\jjche\PycharmProjects\688-term\wikiart\Impressionism\camille-pissarro_the-pont-neuf-and-the-statue-of-henri-iv-1901.jpg
7,c:\users\jjche\PycharmProjects\688-term\wikiart\Impressionism\camille-pissarro_the-carrousel-autumn-morning-1899.jpg
7,c:\users\jjche\PycharmProjects\688-term\wikiart\Impressionism\camille-pissarro_spring-at-eragny.jpg
7,c:\users\jjche\PycharmProjects\688-term\wikiart\Impressionism\camille-pissarro_upper-norwood-chrystal-palace-london-1870.jpg
7,c:\users\jjche\PycharmProjects\688-term\wikiart\Impressionism\camille-pissarro_woman-putting-on-her-stockings-1895.jpg
7,c:\users\jjche\PycharmProjects\688-term\wikiart\Impressionism\camille-pissarro_after-the-rain-autumn-eragny-1901.jpg
7,c:\users\jjche\PycharmProjects\688-term\wikiart\Impressionism\camille-pissarro_steamboats-1883.jpg
7,c:\users\jjche\PycharmProjects\688-term\wikiart\Impressionism\camille-pissarro_woman-burning-wood.jpg
7,c:\users\jjche\PycharmProjects\688-term\wikiart\Impressionism\camille-pissarro_a-part-of-jallais-pontoise-1875.jpg
7,c:\users\jjche\PycharmProjects\688-term\wikiart\Impressionism\camille-pissarro_picking-apples.jpg
7,c:\users\jjche\PycharmProjects\688-term\wikiart\Impressionism\camille-pissarro_the-chou-quarries-pontoise-1882.jpg
7,c:\users\jjche\PycharmProjects\688-term\wikiart\Impressionism\camille-pissarro_la-saint-martin-a-pontoise.jpg
7,c:\users\jjche\PycharmProjects\688-term\wikiart\Impressionism\camille-pissarro_saint-sever-rouen-morning-five-o-clock-1898.jpg
7,c:\users\jjche\PycharmProjects\688-term\wikiart\Impressionism\camille-pissarro_the-harvest-at-montfoucault-2-1876.jpg
7,c:\users\jjche\PycharmProjects\688-term\wikiart\Impressionism\camille-pissarro_red-roofs-corner-of-a-village-winter-1877.jpg
7,c:\users\jjche\PycharmProjects\688-term\wikiart\Impressionism\camille-pissarro_a-street-in-l-hermitage-pontoise.jpg
7,c:\users\jjche\PycharmProjects\688-term\wikiart\Impressionism\camille-pissarro_lovers-seated-at-the-foot-of-a-willow-tree-1901.jpg
7,c:\users\jjche\PycharmProjects\688-term\wikiart\Impressionism\camille-pissarro_flowering-plum-tree-eragny-1894.jpg
7,c:\users\jjche\PycharmProjects\688-term\wikiart\Impressionism\camille-pissarro_the-poultry-market-1885.jpg
7,c:\users\jjche\PycharmProjects\688-term\wikiart\Impressionism\camille-pissarro_the-road-from-versalles-to-saint-germain-at-louveciennes-1872.jpg
7,c:\users\jjche\PycharmProjects\688-term\wikiart\Impressionism\camille-pissarro_fog-in-eragny.jpg
7,c:\users\jjche\PycharmProjects\688-term\wikiart\Impressionism\camille-pissarro_laundring-women-eragny-sur-eptes-1895.jpg
7,c:\users\jjche\PycharmProjects\688-term\wikiart\Impressionism\camille-pissarro_landscape-at-osny-1883.jpg
7,c:\users\jjche\PycharmProjects\688-term\wikiart\Impressionism\camille-pissarro_portrait-of-the-artist-s-mother.jpg
7,c:\users\jjche\PycharmProjects\688-term\wikiart\Impressionism\camille-pissarro_big-walnut-tree-at-eragny-1892.jpg
7,c:\users\jjche\PycharmProjects\688-term\wikiart\Impressionism\camille-pissarro_rouen-port-unloading-wood-1898.jpg
7,c:\users\jjche\PycharmProjects\688-term\wikiart\Impressionism\camille-pissarro_les-mathurins-pontoise-1877.jpg
7,c:\users\jjche\PycharmProjects\688-term\wikiart\Impressionism\camille-pissarro_apple-trees-in-a-field-1892.jpg
7,c:\users\jjche\PycharmProjects\688-term\wikiart\Impressionism\camille-pissarro_the-farm-osny.jpg
8,c:\users\jjche\PycharmProjects\688-term\wikiart\Impressionism\childe-hassam_looking-into-beryl-pool.jpg
8,c:\users\jjche\PycharmProjects\688-term\wikiart\Impressionism\childe-hassam_bastille-day-boulevard-rochechouart-paris.jpg
8,c:\users\jjche\PycharmProjects\688-term\wikiart\Impressionism\childe-hassam_across-the-avenue-in-sunlight-june.jpg
8,c:\users\jjche\PycharmProjects\688-term\wikiart\Impressionism\childe-hassam_woodchopper.jpg
8,c:\users\jjche\PycharmProjects\688-term\wikiart\Impressionism\childe-hassam_east-hampton.jpg
8,c:\users\jjche\PycharmProjects\688-term\wikiart\Impressionism\childe-hassam_nocturne-hyde-park-corner.jpg
8,c:\users\jjche\PycharmProjects\688-term\wikiart\Impressionism\childe-hassam_late-afternoon-aka-sunset.jpg
8,c:\users\jjche\PycharmProjects\688-term\wikiart\Impressionism\childe-hassam_november-cos-cob.jpg
8,c:\users\jjche\PycharmProjects\688-term\wikiart\Impressionism\childe-hassam_harney-desert-02.jpg
8,c:\users\jjche\PycharmProjects\688-term\wikiart\Impressionism\childe-hassam_poppies-isles-of-shoals-03.jpg
8,c:\users\jjche\PycharmProjects\688-term\wikiart\Impressionism\childe-hassam_a-new-york-blizzard.jpg
8,c:\users\jjche\PycharmProjects\688-term\wikiart\Impressionism\childe-hassam_view-of-the-paseo-del-prado.jpg
8,c:\users\jjche\PycharmProjects\688-term\wikiart\Impressionism\childe-hassam_blossoming-trees.jpg
8,c:\users\jjche\PycharmProjects\688-term\wikiart\Impressionism\childe-hassam_naples.jpg
8,c:\users\jjche\PycharmProjects\688-term\wikiart\Impressionism\childe-hassam_over-the-great-divide.jpg
8,c:\users\jjche\PycharmProjects\688-term\wikiart\Impressionism\childe-hassam_portrait-of-a-lady-in-blue-dress.jpg
8,c:\users\jjche\PycharmProjects\688-term\wikiart\Impressionism\childe-hassam_late-afternoon-new-york-winter-1900.jpg
8,c:\users\jjche\PycharmProjects\688-term\wikiart\Impressionism\childe-hassam_marechal-niel-roses.jpg
8,c:\users\jjche\PycharmProjects\688-term\wikiart\Impressionism\childe-hassam_spring-on-west-78th-street.jpg
8,c:\users\jjche\PycharmProjects\688-term\wikiart\Impressionism\childe-hassam_park-monceau-paris.jpg
8,c:\users\jjche\PycharmProjects\688-term\wikiart\Impressionism\childe-hassam_cab-stand-at-night-madison-square-new-york.jpg
8,c:\users\jjche\PycharmProjects\688-term\wikiart\Impressionism\childe-hassam_pont-royal-paris.jpg
8,c:\users\jjche\PycharmProjects\688-term\wikiart\Impressionism\childe-hassam_isles-of-shoals-garden-appledore.jpg
8,c:\users\jjche\PycharmProjects\688-term\wikiart\Impressionism\childe-hassam_spring-at-old-lyme.jpg
8,c:\users\jjche\PycharmProjects\688-term\wikiart\Impressionism\childe-hassam_windmill-at-sundown-east-hampton.jpg
8,c:\users\jjche\PycharmProjects\688-term\wikiart\Impressionism\childe-hassam_white-island-light-isles-of-shoals-at-sundown.jpg
8,c:\users\jjche\PycharmProjects\688-term\wikiart\Impressionism\childe-hassam_gathering-flowers-in-a-french-garden-1888.jpg
8,c:\users\jjche\PycharmProjects\688-term\wikiart\Impressionism\childe-hassam_new-york-landscape.jpg
8,c:\users\jjche\PycharmProjects\688-term\wikiart\Impressionism\childe-hassam_brooklyn-bridge-in-winter.jpg
8,c:\users\jjche\PycharmProjects\688-term\wikiart\Impressionism\childe-hassam_a-parade-of-boats-1895.jpg
8,c:\users\jjche\PycharmProjects\688-term\wikiart\Impressionism\childe-hassam_mrs-holley-of-cos-cob-connecticut.jpg
8,c:\users\jjche\PycharmProjects\688-term\wikiart\Impressionism\childe-hassam_skating.jpg
8,c:\users\jjche\PycharmProjects\688-term\wikiart\Impressionism\childe-hassam_poppies-isles-of-shoals-02.jpg
8,c:\users\jjche\PycharmProjects\688-term\wikiart\Impressionism\childe-hassam_the-holly-farm.jpg
8,c:\users\jjche\PycharmProjects\688-term\wikiart\Impressionism\childe-hassam_view-of-broadway-and-fifth-avenue-1.jpg
8,c:\users\jjche\PycharmProjects\688-term\wikiart\Impressionism\childe-hassam_end-of-timberline-mt-hood.jpg
8,c:\users\jjche\PycharmProjects\688-term\wikiart\Impressionism\childe-hassam_new-york-late-afternoon-winter.jpg
8,c:\users\jjche\PycharmProjects\688-term\wikiart\Impressionism\childe-hassam_broadway-and-42nd-street.jpg
8,c:\users\jjche\PycharmProjects\688-term\wikiart\Impressionism\childe-hassam_mrs-hassam-in-the-garden.jpg
8,c:\users\jjche\PycharmProjects\688-term\wikiart\Impressionism\childe-hassam_view-of-the-thames.jpg
9,c:\users\jjche\PycharmProjects\688-term\wikiart\Impressionism\claude-monet_san-giorgio-maggiore-twilight.jpg
9,c:\users\jjche\PycharmProjects\688-term\wikiart\Impressionism\claude-monet_the-japanese-bridge-the-water-lily-pond-symphony-in-rose.jpg
9,c:\users\jjche\PycharmProjects\688-term\wikiart\Impressionism\claude-monet_path-through-the-irises-02-1917.jpg
9,c:\users\jjche\PycharmProjects\688-term\wikiart\Impressionism\claude-monet_garden-at-sainte-adresse.jpg
9,c:\users\jjche\PycharmProjects\688-term\wikiart\Impressionism\claude-monet_street-in-saint-adresse.jpg
9,c:\users\jjche\PycharmProjects\688-term\wikiart\Impressionism\claude-monet_snow-effect-at-falaise.jpg
9,c:\users\jjche\PycharmProjects\688-term\wikiart\Impressionism\claude-monet_woman-with-a-parasol-also-known-as-study-of-a-figure-outdoors-facing-left.jpg
9,c:\users\jjche\PycharmProjects\688-term\wikiart\Impressionism\claude-monet_jean-monet-in-the-craddle.jpg
9,c:\users\jjche\PycharmProjects\688-term\wikiart\Impressionism\claude-monet_the-gorge-at-varengeville-late-afternoon.jpg
9,c:\users\jjche\PycharmProjects\688-term\wikiart\Impressionism\claude-monet_snow-scene-at-argenteuil.jpg
9,c:\users\jjche\PycharmProjects\688-term\wikiart\Impressionism\claude-monet_the-coastguard-cabin-at-varengeville.jpg
9,c:\users\jjche\PycharmProjects\688-term\wikiart\Impressionism\claude-monet_customs-house.jpg
9,c:\users\jjche\PycharmProjects\688-term\wikiart\Impressionism\claude-monet_vetheuil-seen-from-ile-saint-martin.jpg
9,c:\users\jjche\PycharmProjects\688-term\wikiart\Impressionism\claude-monet_morning-on-the-seine-02-1.jpg
9,c:\users\jjche\PycharmProjects\688-term\wikiart\Impressionism\claude-monet_the-banks-of-the-seine.jpg
9,c:\users\jjche\PycharmProjects\688-term\wikiart\Impressionism\claude-monet_park-monceau.jpg
9,c:\users\jjche\PycharmProjects\688-term\wikiart\Impressionism\claude-monet_the-marina-at-argenteuil-1872.jpg
9,c:\users\jjche\PycharmProjects\688-term\wikiart\Impressionism\claude-monet_poppy-field-at-giverny.jpg
9,c:\users\jjche\PycharmProjects\688-term\wikiart\Impressionism\claude-monet_road-near-giverny-02.jpg
9,c:\users\jjche\PycharmProjects\688-term\wikiart\Impressionism\claude-monet_saint-lazare-station-exterior-view-2.jpg
9,c:\users\jjche\PycharmProjects\688-term\wikiart\Impressionism\claude-monet_water-lilies-yellow-and-lilac-1917.jpg
9,c:\users\jjche\PycharmProjects\688-term\wikiart\Impressionism\claude-monet_springtime-meadow-at-giverny.jpg
9,c:\users\jjche\PycharmProjects\688-term\wikiart\Impressionism\claude-monet_the-promenade-argenteuil.jpg
9,c:\users\jjche\PycharmProjects\688-term\wikiart\Impressionism\claude-monet_palazzo-da-mula-at-venice.jpg
9,c:\users\jjche\PycharmProjects\688-term\wikiart\Impressionism\claude-monet_white-clematis-1887.jpg
9,c:\users\jjche\PycharmProjects\688-term\wikiart\Impressionism\claude-monet_path-at-pourville.jpg
9,c:\users\jjche\PycharmProjects\688-term\wikiart\Impressionism\claude-monet_rouen-cathedral-the-portal-morning-effect.jpg
9,c:\users\jjche\PycharmProjects\688-term\wikiart\Impressionism\claude-monet_the-rocks-of-belle-lle.jpg
9,c:\users\jjche\PycharmProjects\688-term\wikiart\Impressionism\claude-monet_argenteuil-the-seine(1).jpg
9,c:\users\jjche\PycharmProjects\688-term\wikiart\Impressionism\claude-monet_vetheuil-the-church-in-winter.jpg
9,c:\users\jjche\PycharmProjects\688-term\wikiart\Impressionism\claude-monet_morning-on-the-seine-near-vetheuil.jpg
9,c:\users\jjche\PycharmProjects\688-term\wikiart\Impressionism\claude-monet_small-branch-of-the-seine-1878.jpg
9,c:\users\jjche\PycharmProjects\688-term\wikiart\Impressionism\claude-monet_the-seine-and-the-chaantemesle-hills.jpg
9,c:\users\jjche\PycharmProjects\688-term\wikiart\Impressionism\claude-monet_parliament-reflections-on-the-thames-1905.jpg
9,c:\users\jjche\PycharmProjects\688-term\wikiart\Impressionism\claude-monet_grove-of-olive-trees-in-bordighera.jpg
9,c:\users\jjche\PycharmProjects\688-term\wikiart\Impressionism\claude-monet_calm-weather-fecamp.jpg
9,c:\users\jjche\PycharmProjects\688-term\wikiart\Impressionism\claude-monet_at-cap-d-antibes-mistral-wind.jpg
9,c:\users\jjche\PycharmProjects\688-term\wikiart\Impressionism\claude-monet_the-old-rue-de-la-chaussee-argenteuil.jpg
9,c:\users\jjche\PycharmProjects\688-term\wikiart\Impressionism\claude-monet_the-wooden-bridge.jpg
9,c:\users\jjche\PycharmProjects\688-term\wikiart\Impressionism\claude-monet_plums-blossom.jpg
10,c:\users\jjche\PycharmProjects\688-term\wikiart\Impressionism\constantin-artachino_pipkin-with-alewifes.jpg
10,c:\users\jjche\PycharmProjects\688-term\wikiart\Impressionism\constantin-artachino_edelweiss-in-brown-vase.jpg
10,c:\users\jjche\PycharmProjects\688-term\wikiart\Impressionism\constantin-artachino_white-headscarf.jpg
10,c:\users\jjche\PycharmProjects\688-term\wikiart\Impressionism\constantin-artachino_on-the-terrace.jpg
10,c:\users\jjche\PycharmProjects\688-term\wikiart\Impressionism\constantin-artachino_lilies.jpg
10,c:\users\jjche\PycharmProjects\688-term\wikiart\Impressionism\constantin-artachino_turk-1.jpg
10,c:\users\jjche\PycharmProjects\688-term\wikiart\Impressionism\constantin-artachino_small-bouquet-of-roses-1949.jpg
10,c:\users\jjche\PycharmProjects\688-term\wikiart\Impressionism\constantin-artachino_pipkin-with-mallows.jpg
10,c:\users\jjche\PycharmProjects\688-term\wikiart\Impressionism\constantin-artachino_boats-on-the-shore-of-danube.jpg
10,c:\users\jjche\PycharmProjects\688-term\wikiart\Impressionism\constantin-artachino_pink-rose.jpg
10,c:\users\jjche\PycharmProjects\688-term\wikiart\Impressionism\constantin-artachino_roses.jpg
10,c:\users\jjche\PycharmProjects\688-term\wikiart\Impressionism\constantin-artachino_plums.jpg
10,c:\users\jjche\PycharmProjects\688-term\wikiart\Impressionism\constantin-artachino_the-mosque-in-ada-kaleh.jpg
10,c:\users\jjche\PycharmProjects\688-term\wikiart\Impressionism\constantin-artachino_pipkin-with-mallows-1.jpg
10,c:\users\jjche\PycharmProjects\688-term\wikiart\Impressionism\constantin-artachino_little-shepherd.jpg
10,c:\users\jjche\PycharmProjects\688-term\wikiart\Impressionism\constantin-artachino_cityscape.jpg
10,c:\users\jjche\PycharmProjects\688-term\wikiart\Impressionism\constantin-artachino_turk-women-on-the-shore-of-danube.jpg
10,c:\users\jjche\PycharmProjects\688-term\wikiart\Impressionism\constantin-artachino_lipoveanul.jpg
10,c:\users\jjche\PycharmProjects\688-term\wikiart\Impressionism\constantin-artachino_winter-end.jpg
10,c:\users\jjche\PycharmProjects\688-term\wikiart\Impressionism\constantin-artachino_fishing.jpg
10,c:\users\jjche\PycharmProjects\688-term\wikiart\Impressionism\constantin-artachino_still-life.jpg
10,c:\users\jjche\PycharmProjects\688-term\wikiart\Impressionism\constantin-artachino_poor-childhood.jpg
10,c:\users\jjche\PycharmProjects\688-term\wikiart\Impressionism\constantin-artachino_yellow-roses.jpg
10,c:\users\jjche\PycharmProjects\688-term\wikiart\Impressionism\constantin-artachino_dobrujan-woman.jpg
10,c:\users\jjche\PycharmProjects\688-term\wikiart\Impressionism\constantin-artachino_landscape-with-houses-at-balcic.jpg
10,c:\users\jjche\PycharmProjects\688-term\wikiart\Impressionism\constantin-artachino_house-on-capri-island-1899.jpg
10,c:\users\jjche\PycharmProjects\688-term\wikiart\Impressionism\constantin-artachino_dobrujan-landscape.jpg
10,c:\users\jjche\PycharmProjects\688-term\wikiart\Impressionism\constantin-artachino_house-at-the-countryside.jpg
10,c:\users\jjche\PycharmProjects\688-term\wikiart\Impressionism\constantin-artachino_provence-vineyards.jpg
10,c:\users\jjche\PycharmProjects\688-term\wikiart\Impressionism\constantin-artachino_landscape-with-mosque.jpg
10,c:\users\jjche\PycharmProjects\688-term\wikiart\Impressionism\constantin-artachino_corner-of-bucharest-during-winter.jpg
10,c:\users\jjche\PycharmProjects\688-term\wikiart\Impressionism\constantin-artachino_peasant-bakestone.jpg
10,c:\users\jjche\PycharmProjects\688-term\wikiart\Impressionism\constantin-artachino_tatar-cottage.jpg
10,c:\users\jjche\PycharmProjects\688-term\wikiart\Impressionism\constantin-artachino_cliffs.jpg
10,c:\users\jjche\PycharmProjects\688-term\wikiart\Impressionism\constantin-artachino_balcic-gulf.jpg
10,c:\users\jjche\PycharmProjects\688-term\wikiart\Impressionism\constantin-artachino_margarets.jpg
10,c:\users\jjche\PycharmProjects\688-term\wikiart\Impressionism\constantin-artachino_wild-roses-1944.jpg
10,c:\users\jjche\PycharmProjects\688-term\wikiart\Impressionism\constantin-artachino_scene-from-dobruja.jpg
10,c:\users\jjche\PycharmProjects\688-term\wikiart\Impressionism\constantin-artachino_towards-the-springs.jpg
10,c:\users\jjche\PycharmProjects\688-term\wikiart\Impressionism\constantin-artachino_girl-with-flowers.jpg
11,c:\users\jjche\PycharmProjects\688-term\wikiart\Impressionism\cornelis-vreedenburgh_canal-in-dutch-town.jpg
11,c:\users\jjche\PycharmProjects\688-term\wikiart\Impressionism\cornelis-vreedenburgh_pont-sainte-maxence.jpg
11,c:\users\jjche\PycharmProjects\688-term\wikiart\Impressionism\cornelis-vreedenburgh_cows-in-a-meadow.jpg
11,c:\users\jjche\PycharmProjects\688-term\wikiart\Impressionism\cornelis-vreedenburgh_coesweerd-in-laren-in-the-autumn.jpg
11,c:\users\jjche\PycharmProjects\688-term\wikiart\Impressionism\cornelis-vreedenburgh_bridge-over-river.jpg
11,c:\users\jjche\PycharmProjects\688-term\wikiart\Impressionism\cornelis-vreedenburgh_corn-sheafs-in-gooi.jpg
11,c:\users\jjche\PycharmProjects\688-term\wikiart\Impressionism\cornelis-vreedenburgh_the-montelbaanstoren.jpg
11,c:\users\jjche\PycharmProjects\688-term\wikiart\Impressionism\cornelis-vreedenburgh_canal-at-loenen-aan-de-vecht.jpg
11,c:\users\jjche\PycharmProjects\688-term\wikiart\Impressionism\cornelis-vreedenburgh_pier-inn-the-bay-of-st-tropez.jpg
11,c:\users\jjche\PycharmProjects\688-term\wikiart\Impressionism\cornelis-vreedenburgh_winterfun-on-de-loswal-hattem-1914.jpg
11,c:\users\jjche\PycharmProjects\688-term\wikiart\Impressionism\cornelis-vreedenburgh_a-peasant-woman-on-a-path-along-a-canal-1907.jpg
11,c:\users\jjche\PycharmProjects\688-term\wikiart\Impressionism\cornelis-vreedenburgh_fisher-on-the-ice.jpg
11,c:\users\jjche\PycharmProjects\688-term\wikiart\Impressionism\cornelis-vreedenburgh_pollard-willow-at-the-side-of-the-broo.jpg
11,c:\users\jjche\PycharmProjects\688-term\wikiart\Impressionism\cornelis-vreedenburgh_frozen-in-ship.jpg
11,c:\users\jjche\PycharmProjects\688-term\wikiart\Impressionism\cornelis-vreedenburgh_ships-on-a-puddle.jpg
11,c:\users\jjche\PycharmProjects\688-term\wikiart\Impressionism\cornelis-vreedenburgh_work-horses.jpg
11,c:\users\jjche\PycharmProjects\688-term\wikiart\Impressionism\cornelis-vreedenburgh_loosdrecht.jpg
11,c:\users\jjche\PycharmProjects\688-term\wikiart\Impressionism\cornelis-vreedenburgh_sluice-of-woerdense-verlaat.jpg
11,c:\users\jjche\PycharmProjects\688-term\wikiart\Impressionism\cornelis-vreedenburgh_farm-next-to-canal.jpg
11,c:\users\jjche\PycharmProjects\688-term\wikiart\Impressionism\cornelis-vreedenburgh_painter-jan-bakker-at-work.jpg
11,c:\users\jjche\PycharmProjects\688-term\wikiart\Impressionism\cornelis-vreedenburgh_fisherman-on-a-poldercanal.jpg
11,c:\users\jjche\PycharmProjects\688-term\wikiart\Impressionism\cornelis-vreedenburgh_the-flowermarket-on-the-singel-amsterdam-with-the-munttoren-beyond-1927.jpg
11,c:\users\jjche\PycharmProjects\688-term\wikiart\Impressionism\cornelis-vreedenburgh_building-well-with-church-amsterdam.jpg
11,c:\users\jjche\PycharmProjects\688-term\wikiart\Impressionism\cornelis-vreedenburgh_corvershof-nieuw-heerengracht.jpg
11,c:\users\jjche\PycharmProjects\688-term\wikiart\Impressionism\cornelis-vreedenburgh_view-from-a-room-in-st-tropez.jpg
11,c:\users\jjche\PycharmProjects\688-term\wikiart\Impressionism\cornelis-vreedenburgh_harbour-at-amsterdam.jpg
11,c:\users\jjche\PycharmProjects\688-term\wikiart\Impressionism\cornelis-vreedenburgh_a-view-of-the-montelbaanstoren-amsterdam-1925.jpg
11,c:\users\jjche\PycharmProjects\688-term\wikiart\Impressionism\cornelis-vreedenburgh_trees-at-the-waal.jpg
11,c:\users\jjche\PycharmProjects\688-term\wikiart\Impressionism\cornelis-vreedenburgh_fair-in-laren.jpg
11,c:\users\jjche\PycharmProjects\688-term\wikiart\Impressionism\cornelis-vreedenburgh_view-on-market-in-groningen.jpg
11,c:\users\jjche\PycharmProjects\688-term\wikiart\Impressionism\cornelis-vreedenburgh_docked-boats.jpg
11,c:\users\jjche\PycharmProjects\688-term\wikiart\Impressionism\cornelis-vreedenburgh_view-of-a-puddle-and-a-boat.jpg
11,c:\users\jjche\PycharmProjects\688-term\wikiart\Impressionism\cornelis-vreedenburgh_view-on-the-ijssel-near-hattem.jpg
11,c:\users\jjche\PycharmProjects\688-term\wikiart\Impressionism\cornelis-vreedenburgh_view-on-the-ij-in-amsterdam.jpg
11,c:\users\jjche\PycharmProjects\688-term\wikiart\Impressionism\cornelis-vreedenburgh_sand-diggers.jpg
11,c:\users\jjche\PycharmProjects\688-term\wikiart\Impressionism\cornelis-vreedenburgh_corner-paleissingel-straat-in-amsterdam.jpg
11,c:\users\jjche\PycharmProjects\688-term\wikiart\Impressionism\cornelis-vreedenburgh_a-townscene-with-children-at-play-haarlem-1930.jpg
11,c:\users\jjche\PycharmProjects\688-term\wikiart\Impressionism\cornelis-vreedenburgh_a-view-of-amsterdam-with-the-st-nicolaas-church.jpg
11,c:\users\jjche\PycharmProjects\688-term\wikiart\Impressionism\cornelis-vreedenburgh_bridge-near-estate-linschoten.jpg
11,c:\users\jjche\PycharmProjects\688-term\wikiart\Impressionism\cornelis-vreedenburgh_painter-s-workshop.jpg
12,c:\users\jjche\PycharmProjects\688-term\wikiart\Impressionism\edgar-degas_at-the-stock-exchange-1879.jpg
12,c:\users\jjche\PycharmProjects\688-term\wikiart\Impressionism\edgar-degas_dancers-in-green.jpg
12,c:\users\jjche\PycharmProjects\688-term\wikiart\Impressionism\edgar-degas_after-the-bath-1896-1.jpg
12,c:\users\jjche\PycharmProjects\688-term\wikiart\Impressionism\edgar-degas_at-the-milliner-s-1882.jpg
12,c:\users\jjche\PycharmProjects\688-term\wikiart\Impressionism\edgar-degas_standing-female-figure-with-bared-torso.jpg
12,c:\users\jjche\PycharmProjects\688-term\wikiart\Impressionism\edgar-degas_woman-seated-on-a-balcony-1872.jpg
12,c:\users\jjche\PycharmProjects\688-term\wikiart\Impressionism\edgar-degas_three-dancers-2.jpg
12,c:\users\jjche\PycharmProjects\688-term\wikiart\Impressionism\edgar-degas_the-ballet-rehearsal-on-stage-1874.jpg
12,c:\users\jjche\PycharmProjects\688-term\wikiart\Impressionism\edgar-degas_race-horses.jpg
12,c:\users\jjche\PycharmProjects\688-term\wikiart\Impressionism\edgar-degas_three-dancers-in-an-exercise-hall.jpg
12,c:\users\jjche\PycharmProjects\688-term\wikiart\Impressionism\edgar-degas_dancer-with-a-bouquet-bowing-1877.jpg
12,c:\users\jjche\PycharmProjects\688-term\wikiart\Impressionism\edgar-degas_woman-combing-her-hair-2.jpg
12,c:\users\jjche\PycharmProjects\688-term\wikiart\Impressionism\edgar-degas_pagan-and-degas-father-1895.jpg
12,c:\users\jjche\PycharmProjects\688-term\wikiart\Impressionism\edgar-degas_village-street.jpg
12,c:\users\jjche\PycharmProjects\688-term\wikiart\Impressionism\edgar-degas_dancer-arranging-her-hair.jpg
12,c:\users\jjche\PycharmProjects\688-term\wikiart\Impressionism\edgar-degas_dancer-with-a-fan.jpg
12,c:\users\jjche\PycharmProjects\688-term\wikiart\Impressionism\edgar-degas_at-the-mirror.jpg
12,c:\users\jjche\PycharmProjects\688-term\wikiart\Impressionism\edgar-degas_dance-rehearsal-in-the-studio-of-the-opera-1895.jpg
12,c:\users\jjche\PycharmProjects\688-term\wikiart\Impressionism\edgar-degas_three-dancers-3.jpg
12,c:\users\jjche\PycharmProjects\688-term\wikiart\Impressionism\edgar-degas_general-mellinet-and-chief-rabbi-astruc-1871.jpg
12,c:\users\jjche\PycharmProjects\688-term\wikiart\Impressionism\edgar-degas_dancers-6.jpg
12,c:\users\jjche\PycharmProjects\688-term\wikiart\Impressionism\edgar-degas_the-dance-studio.jpg
12,c:\users\jjche\PycharmProjects\688-term\wikiart\Impressionism\edgar-degas_woman-drying-her-arm.jpg
12,c:\users\jjche\PycharmProjects\688-term\wikiart\Impressionism\edgar-degas_singer-with-a-glove-1878.jpg
12,c:\users\jjche\PycharmProjects\688-term\wikiart\Impressionism\edgar-degas_the-duchess-de-montejasi-and-her-daughters-elena-and-camilla.jpg
12,c:\users\jjche\PycharmProjects\688-term\wikiart\Impressionism\edgar-degas_bedtime-woman-extinguishing-her-lamp.jpg
12,c:\users\jjche\PycharmProjects\688-term\wikiart\Impressionism\edgar-degas_ancer-with-red-stockings.jpg
12,c:\users\jjche\PycharmProjects\688-term\wikiart\Impressionism\edgar-degas_the-morning-bath-1883.jpg
12,c:\users\jjche\PycharmProjects\688-term\wikiart\Impressionism\edgar-degas_portrait-after-a-costume-ball-portrait-of-madame-dietz-monnin-1879.jpg
12,c:\users\jjche\PycharmProjects\688-term\wikiart\Impressionism\edgar-degas_dancers-at-the-barre.jpg
12,c:\users\jjche\PycharmProjects\688-term\wikiart\Impressionism\edgar-degas_the-jockey.jpg
12,c:\users\jjche\PycharmProjects\688-term\wikiart\Impressionism\edgar-degas_ballet-dancers.jpg
12,c:\users\jjche\PycharmProjects\688-term\wikiart\Impressionism\edgar-degas_at-the-milliner-s-1883.jpg
12,c:\users\jjche\PycharmProjects\688-term\wikiart\Impressionism\edgar-degas_self-portrait.jpg
12,c:\users\jjche\PycharmProjects\688-term\wikiart\Impressionism\edgar-degas_manet-at-the-races-1870.jpg
12,c:\users\jjche\PycharmProjects\688-term\wikiart\Impressionism\edgar-degas_madame-gobillard-yves-morisot-1869.jpg
12,c:\users\jjche\PycharmProjects\688-term\wikiart\Impressionism\edgar-degas_the-star-dancer-on-stage.jpg
12,c:\users\jjche\PycharmProjects\688-term\wikiart\Impressionism\edgar-degas_edmondo-and-therese-morbilli-1866.jpg
12,c:\users\jjche\PycharmProjects\688-term\wikiart\Impressionism\edgar-degas_woman-drying-herself-1.jpg
12,c:\users\jjche\PycharmProjects\688-term\wikiart\Impressionism\edgar-degas_portrait-of-a-woman-wearing-a-green-blouse.jpg
13,c:\users\jjche\PycharmProjects\688-term\wikiart\Impressionism\edouard-manet_bouquet-of-flowers-1882.jpg
13,c:\users\jjche\PycharmProjects\688-term\wikiart\Impressionism\edouard-manet_mother-in-the-garden-at-bellevue-1880.jpg
13,c:\users\jjche\PycharmProjects\688-term\wikiart\Impressionism\edouard-manet_argenteuil-1874.jpg
13,c:\users\jjche\PycharmProjects\688-term\wikiart\Impressionism\edouard-manet_the-monet-family-in-their-garden-at-argenteuil-1874(1).jpg
13,c:\users\jjche\PycharmProjects\688-term\wikiart\Impressionism\edouard-manet_woman-in-a-tub.jpg
13,c:\users\jjche\PycharmProjects\688-term\wikiart\Impressionism\edouard-manet_lilac-and-roses-1883.jpg
13,c:\users\jjche\PycharmProjects\688-term\wikiart\Impressionism\edouard-manet_madame-jeanne-martin-in-a-bonnet.jpg
13,c:\users\jjche\PycharmProjects\688-term\wikiart\Impressionism\edouard-manet_the-waitress-bocks.jpg
13,c:\users\jjche\PycharmProjects\688-term\wikiart\Impressionism\edouard-manet_the-milliner-1881.jpg
13,c:\users\jjche\PycharmProjects\688-term\wikiart\Impressionism\edouard-manet_effect-of-snow-at-petit-montrouge-1870.jpg
13,c:\users\jjche\PycharmProjects\688-term\wikiart\Impressionism\edouard-manet_lilac-in-a-glass.jpg
13,c:\users\jjche\PycharmProjects\688-term\wikiart\Impressionism\edouard-manet_the-grand-canal-1875.jpg
13,c:\users\jjche\PycharmProjects\688-term\wikiart\Impressionism\edouard-manet_portrait-of-henry-bernstein-as-a-child-1881.jpg
13,c:\users\jjche\PycharmProjects\688-term\wikiart\Impressionism\edouard-manet_madame-manet-in-conservatory-1879.jpg
13,c:\users\jjche\PycharmProjects\688-term\wikiart\Impressionism\edouard-manet_nana-1877.jpg
13,c:\users\jjche\PycharmProjects\688-term\wikiart\Impressionism\edouard-manet_the-bock-drinkers-1878.jpg
13,c:\users\jjche\PycharmProjects\688-term\wikiart\Impressionism\edouard-manet_the-grand-canal-of-venice-blue-venice-1874.jpg
13,c:\users\jjche\PycharmProjects\688-term\wikiart\Impressionism\edouard-manet_fishing.jpg
13,c:\users\jjche\PycharmProjects\688-term\wikiart\Impressionism\edouard-manet_young-woman-in-the-garden-1882.jpg
13,c:\users\jjche\PycharmProjects\688-term\wikiart\Impressionism\edouard-manet_portrait-of-mademoiselle-isabelle-lemonnier.jpg
13,c:\users\jjche\PycharmProjects\688-term\wikiart\Impressionism\edouard-manet_in-the-bar-le-bouchon.jpg
13,c:\users\jjche\PycharmProjects\688-term\wikiart\Impressionism\edouard-manet_still-life-with-flowers-1880.jpg
13,c:\users\jjche\PycharmProjects\688-term\wikiart\Impressionism\edouard-manet_women-at-the-races-1865.jpg
13,c:\users\jjche\PycharmProjects\688-term\wikiart\Impressionism\edouard-manet_young-woman-with-a-pink-shoe-portrait-of-berthe-morisot-1868.jpg
13,c:\users\jjche\PycharmProjects\688-term\wikiart\Impressionism\edouard-manet_pinks-and-clematis-in-a-crystal-vase.jpg
13,c:\users\jjche\PycharmProjects\688-term\wikiart\Impressionism\edouard-manet_the-blonde-with-bare-breasts-1878.jpg
13,c:\users\jjche\PycharmProjects\688-term\wikiart\Impressionism\edouard-manet_the-suicide.jpg
13,c:\users\jjche\PycharmProjects\688-term\wikiart\Impressionism\edouard-manet_the-painter-of-animals-1882.jpg
13,c:\users\jjche\PycharmProjects\688-term\wikiart\Impressionism\edouard-manet_tarring-the-boat-1873.jpg
13,c:\users\jjche\PycharmProjects\688-term\wikiart\Impressionism\edouard-manet_the-garden-at-bellevue-1880.jpg
13,c:\users\jjche\PycharmProjects\688-term\wikiart\Impressionism\edouard-manet_almonds-currants-and-peaches-1869.jpg
13,c:\users\jjche\PycharmProjects\688-term\wikiart\Impressionism\edouard-manet_the-house-at-rueil-1882.jpg
13,c:\users\jjche\PycharmProjects\688-term\wikiart\Impressionism\edouard-manet_bathers-on-seine.jpg
13,c:\users\jjche\PycharmProjects\688-term\wikiart\Impressionism\edouard-manet_spring-study-of-jeanne-demarsy-1882.jpg
13,c:\users\jjche\PycharmProjects\688-term\wikiart\Impressionism\edouard-manet_seascape-at-berck-fishing-boats-and-fishermen-1873.jpg
13,c:\users\jjche\PycharmProjects\688-term\wikiart\Impressionism\edouard-manet_marguerite-de-conflans-wearing-hood-1873.jpg
13,c:\users\jjche\PycharmProjects\688-term\wikiart\Impressionism\edouard-manet_the-laundry-1875.jpg
13,c:\users\jjche\PycharmProjects\688-term\wikiart\Impressionism\edouard-manet_plum-1878.jpg
13,c:\users\jjche\PycharmProjects\688-term\wikiart\Impressionism\edouard-manet_portrait-of-a-lady.jpg
13,c:\users\jjche\PycharmProjects\688-term\wikiart\Impressionism\edouard-manet_woman-with-a-gold-pin-1879.jpg
14,c:\users\jjche\PycharmProjects\688-term\wikiart\Impressionism\eugene-boudin_beach-scene-3.jpg
14,c:\users\jjche\PycharmProjects\688-term\wikiart\Impressionism\eugene-boudin_antibes-the-rocks-of-the-islet.jpg
14,c:\users\jjche\PycharmProjects\688-term\wikiart\Impressionism\eugene-boudin_fishermen-and-sailboats-near-trouville-1892.jpg
14,c:\users\jjche\PycharmProjects\688-term\wikiart\Impressionism\eugene-boudin_cows-in-a-meadow-on-the-banks-of-the-toques-1880.jpg
14,c:\users\jjche\PycharmProjects\688-term\wikiart\Impressionism\eugene-boudin_port-at-low-tide.jpg
14,c:\users\jjche\PycharmProjects\688-term\wikiart\Impressionism\eugene-boudin_cows-in-pasture.jpg
14,c:\users\jjche\PycharmProjects\688-term\wikiart\Impressionism\eugene-boudin_camaret-the-port-1872.jpg
14,c:\users\jjche\PycharmProjects\688-term\wikiart\Impressionism\eugene-boudin_the-still-river-at-deauville-1895.jpg
14,c:\users\jjche\PycharmProjects\688-term\wikiart\Impressionism\eugene-boudin_abbeville-street-and-the-church-of-saint-vulfran-1884.jpg
14,c:\users\jjche\PycharmProjects\688-term\wikiart\Impressionism\eugene-boudin_near-rotterdam-1876.jpg
14,c:\users\jjche\PycharmProjects\688-term\wikiart\Impressionism\eugene-boudin_antibes-the-point-of-the-islet.jpg
14,c:\users\jjche\PycharmProjects\688-term\wikiart\Impressionism\eugene-boudin_the-harvest-near-trouville-1878.jpg
14,c:\users\jjche\PycharmProjects\688-term\wikiart\Impressionism\eugene-boudin_women-fishing-for-shrimp-at-kerhor-1870.jpg
14,c:\users\jjche\PycharmProjects\688-term\wikiart\Impressionism\eugene-boudin_portrieux-1874.jpg
14,c:\users\jjche\PycharmProjects\688-term\wikiart\Impressionism\eugene-boudin_camaret-boats-in-the-harbor.jpg
14,c:\users\jjche\PycharmProjects\688-term\wikiart\Impressionism\eugene-boudin_the-tour-malakoff-and-the-trouville-shore-1877.jpg
14,c:\users\jjche\PycharmProjects\688-term\wikiart\Impressionism\eugene-boudin_the-breton-fishermen-s-wives.jpg
14,c:\users\jjche\PycharmProjects\688-term\wikiart\Impressionism\eugene-boudin_trouville-the-jettys-low-tide.jpg
14,c:\users\jjche\PycharmProjects\688-term\wikiart\Impressionism\eugene-boudin_the-basin-at-fecamp-1894.jpg
14,c:\users\jjche\PycharmProjects\688-term\wikiart\Impressionism\eugene-boudin_bordeaux-the-port-1.jpg
14,c:\users\jjche\PycharmProjects\688-term\wikiart\Impressionism\eugene-boudin_camaret-boats-on-the-shore.jpg
14,c:\users\jjche\PycharmProjects\688-term\wikiart\Impressionism\eugene-boudin_the-ferry-to-deauville.jpg
14,c:\users\jjche\PycharmProjects\688-term\wikiart\Impressionism\eugene-boudin_the-toques-at-saint-arnoult-1891-1.jpg
14,c:\users\jjche\PycharmProjects\688-term\wikiart\Impressionism\eugene-boudin_abbeville-street-and-the-church-of-saint-folfran-1884.jpg
14,c:\users\jjche\PycharmProjects\688-term\wikiart\Impressionism\eugene-boudin_beach-scene-4.jpg
14,c:\users\jjche\PycharmProjects\688-term\wikiart\Impressionism\eugene-boudin_fish-skate-and-dogfish.jpg
14,c:\users\jjche\PycharmProjects\688-term\wikiart\Impressionism\eugene-boudin_dunkirk-the-inner-port-1889.jpg
14,c:\users\jjche\PycharmProjects\688-term\wikiart\Impressionism\eugene-boudin_the-port-of-camaret-1872.jpg
14,c:\users\jjche\PycharmProjects\688-term\wikiart\Impressionism\eugene-boudin_oiseme-landscape-near-chartres-1891.jpg
14,c:\users\jjche\PycharmProjects\688-term\wikiart\Impressionism\eugene-boudin_laundresses-on-the-banks-of-the-touques-1886.jpg
14,c:\users\jjche\PycharmProjects\688-term\wikiart\Impressionism\eugene-boudin_saint-valery-sur-somme-moonrise-over-the-canal.jpg
14,c:\users\jjche\PycharmProjects\688-term\wikiart\Impressionism\eugene-boudin_beach-scene-11.jpg
14,c:\users\jjche\PycharmProjects\688-term\wikiart\Impressionism\eugene-boudin_norman-beach-arcenciel.jpg
14,c:\users\jjche\PycharmProjects\688-term\wikiart\Impressionism\eugene-boudin_women-on-the-beach-rough-seas-1870.jpg
14,c:\users\jjche\PycharmProjects\688-term\wikiart\Impressionism\eugene-boudin_the-beach-at-trouville-1871.jpg
14,c:\users\jjche\PycharmProjects\688-term\wikiart\Impressionism\eugene-boudin_trouville-on-the-beach-sheltered-by-a-parasol-1895.jpg
14,c:\users\jjche\PycharmProjects\688-term\wikiart\Impressionism\eugene-boudin_berck-low-tide.jpg
14,c:\users\jjche\PycharmProjects\688-term\wikiart\Impressionism\eugene-boudin_fisherwives-waiting-for-the-boats-to-return-1875.jpg
14,c:\users\jjche\PycharmProjects\688-term\wikiart\Impressionism\eugene-boudin_cows-in-a-pasture-1.jpg
14,c:\users\jjche\PycharmProjects\688-term\wikiart\Impressionism\eugene-boudin_sailboats-at-dock-barre-basin.jpg
